CREATE DATABASE unbelievable;

USE unbelievable;

CREATE TABLE customers (
customer_id INT PRIMARY KEY,
customer_name VARCHAR(50),
city VARCHAR(50),
signup_date DATE
);

CREATE TABLE products (
product_id INT PRIMARY KEY,
product_name VARCHAR(50),
category VARCHAR(50),
price DECIMAL(10,2)
);

CREATE TABLE orders (
order_id INT PRIMARY KEY,
customer_id INT,
order_date DATE,
status VARCHAR(20),
FOREIGN KEY (customer_id) REFERENCES customers(customer_id)
);

CREATE TABLE order_items (
order_item_id INT PRIMARY KEY,
order_id INT,
product_id INT,
quantity INT,
FOREIGN KEY (order_id) REFERENCES orders(order_id),
FOREIGN KEY (product_id) REFERENCES products(product_id)
);

CREATE TABLE payments (
payment_id INT PRIMARY KEY,
order_id INT,
payment_date DATE,
payment_mode VARCHAR(30),
amount DECIMAL(10,2),
FOREIGN KEY (order_id) REFERENCES orders(order_id)
);



INSERT INTO customers VALUES
(1, 'Amit', 'Bangalore', '2024-01-10'),
(2, 'Sneha', 'Mumbai', '2024-02-15'),
(3, 'Rahul', 'Delhi', '2024-03-20'),
(4, 'Priya', 'Chennai', '2024-04-05'),
(5, 'Karan', 'Hyderabad', '2024-05-12');


INSERT INTO products VALUES
(101, 'Laptop', 'Electronics', 60000),
(102, 'Mobile', 'Electronics', 30000),
(103, 'Headphones', 'Accessories', 2000),
(104, 'Keyboard', 'Accessories', 1500),
(105, 'Chair', 'Furniture', 5000);


INSERT INTO orders VALUES
(1001, 1, '2024-06-01', 'Completed'),
(1002, 2, '2024-06-03', 'Completed'),
(1003, 3, '2024-06-05', 'Pending'),
(1004, 1, '2024-06-10', 'Completed'),
(1005, 4, '2024-06-12', 'Completed'),
(1006, 5, '2024-06-15', 'Cancelled'),
(1007, 2, '2024-06-18', 'Completed'),
(1008, 3, '2024-06-20', 'Completed');



INSERT INTO order_items VALUES
(1, 1001, 101, 1),
(2, 1001, 103, 2),
(3, 1002, 102, 1),
(4, 1002, 104, 1),
(5, 1003, 105, 2),
(6, 1004, 101, 1),
(7, 1004, 104, 2),
(8, 1005, 103, 1),
(9, 1005, 105, 1),
(10, 1006, 102, 1),
(11, 1007, 101, 1),
(12, 1007, 103, 2),
(13, 1008, 104, 1),
(14, 1008, 105, 1),
(15, 1008, 103, 1);



INSERT INTO payments VALUES
(201, 1001, '2024-06-01', 'UPI', 64000),
(202, 1002, '2024-06-03', 'Card', 31500),
(203, 1004, '2024-06-10', 'UPI', 63000),
(204, 1005, '2024-06-12', 'Cash', 7000),
(205, 1007, '2024-06-18', 'Card', 64000),
(206, 1008, '2024-06-20', 'UPI', 6500),
(207, 1003, '2024-06-05', 'UPI', 10000),
(208, 1006, '2024-06-15', 'Refund', 30000);



-- LEVEL 1 – QUESTION 1 (BASICS)

-- Find all customers who have never placed any order.
SELECT c.customer_id, c.customer_name, c.city
FROM customers c
LEFT JOIN orders o
    ON c.customer_id = o.customer_id
WHERE o.customer_id IS NULL;




-- LEVEL 1 – QUESTION 2 (next basic)
-- Find the total number of orders placed by each customer.
SELECT c.customer_name, c.customer_id, COUNT(o. order_id) AS total_number_of_orders
FROM customers c
LEFT JOIN orders o
    ON c.customer_id = o.customer_id
GROUP BY c.customer_name, c.customer_id;



-- LEVEL 1 – QUESTION 3 (next basic)
-- Find the total revenue generated for each order.
SELECT o.order_id, SUM(quantity * price) AS total_revenue
FROM orders o
INNER JOIN order_items i
    ON o.order_id = i.order_id
INNER JOIN products p
	ON p.product_id = i.product_id 
GROUP BY o.order_id;



-- 	Find the total amount spent by each customer.
SELECT c.customer_id, c.customer_name, SUM(quantity * price) AS total_spent
FROM customers c 
INNER JOIN orders o 
	ON c.customer_id = o.customer_id 
INNER JOIN order_items i
    ON i.order_id = o.order_id
INNER JOIN products p 
    ON p.product_id  = i.product_id 
GROUP BY   c.customer_id, c.customer_name;



-- Find the number of distinct products purchased by each customer.
SELECT 
     c.customer_name, c.customer_id, COUNT(DISTINCT i.product_id) AS distinct_products_purchased
FROM customers c
INNER JOIN orders o
    ON c.customer_id = o.customer_id
INNER JOIN order_items i
    ON i.order_id = o.order_id
GROUP BY   c.customer_name, c.customer_id;





-- LEVEL 2 – QUESTION 1
-- Find the total revenue generated by each customer.
SELECT c.customer_id, c.customer_name, SUM(quantity * price) AS total_revenue
FROM customers c 
INNER JOIN orders o 
	ON c.customer_id = o.customer_id 
INNER JOIN order_items i
    ON i.order_id = o.order_id
INNER JOIN products p 
    ON p.product_id  = i.product_id 
GROUP BY   c.customer_id, c.customer_name;




-- Find customers who have placed more than 2 orders.
SELECT 
	c.customer_id, 
    c.customer_name, 
    COUNT(o.order_id) AS total_orders
FROM customers c 
INNER JOIN orders o 
    ON c.customer_id = o.customer_id
GROUP BY 
	c.customer_id, 
    c.customer_name
HAVING COUNT(o.order_id) > 2;



-- Find the most expensive product purchased by each customer.
SELECT 
    c.customer_id, 
    c.customer_name, 
    MAX(p.price) AS most_expensive_product
FROM customers c
INNER JOIN orders o
    ON c.customer_id = o.customer_id
INNER JOIN order_items i
    ON i.order_id = o.order_id
INNER JOIN products p 
    ON p.product_id = i.product_id 
GROUP BY 
    c.customer_id, 
    c.customer_name;


-- Most expensive product purchased by each customer (using subquery)
SELECT 
    c.customer_id,
    c.customer_name,
    p.product_name,
    p.price
FROM customers c
INNER JOIN orders o
    ON c.customer_id = o.customer_id
INNER JOIN order_items i
    ON i.order_id = o.order_id
INNER JOIN products p
    ON p.product_id = i.product_id
INNER JOIN (
    SELECT 
        c.customer_id,
        MAX(p.price) AS max_price
    FROM customers c
    INNER JOIN orders o
        ON c.customer_id = o.customer_id
    INNER JOIN order_items i
        ON i.order_id = o.order_id
    INNER JOIN products p
        ON p.product_id = i.product_id
    GROUP BY c.customer_id
) mp
    ON mp.customer_id = c.customer_id
   AND mp.max_price = p.price;



SELECT 
    c.customer_id,
    c.customer_name,
    p.product_name,
    p.price
FROM customers c
INNER JOIN orders o
    ON c.customer_id = o.customer_id
INNER JOIN order_items i
    ON i.order_id = o.order_id
INNER JOIN products p
    ON p.product_id = i.product_id
INNER JOIN (
    SELECT 
        c.customer_id,
        MIN(p.price) AS min_price
    FROM customers c
    INNER JOIN orders o
        ON c.customer_id = o.customer_id
    INNER JOIN order_items i
        ON i.order_id = o.order_id
    INNER JOIN products p
        ON p.product_id = i.product_id
    GROUP BY c.customer_id
) mp
    ON mp.customer_id = c.customer_id
   AND mp.min_price = p.price;



-- Find customers who have never purchased the cheapest product.
SELECT 
    c.customer_id,
    c.customer_name
FROM customers c
LEFT JOIN orders o
    ON c.customer_id = o.customer_id
LEFT JOIN order_items i
    ON i.order_id = o.order_id
LEFT JOIN products p
    ON p.product_id = i.product_id
   AND p.price = (SELECT MIN(price) FROM products)
WHERE p.product_id IS NULL;


SELECT MIN(price) FROM products;


